"","x","y","cover","xm","ym","flow","progress","std_flow"
"1",372.533435240309,397.726014948148,0.0901587264379486,372533.435240309,397726.014948148,2.12906816453134,0.980520429418727,0.0916785662929551
"2",373.533435240309,397.726014948148,0.579047595150769,373533.435240309,397726.014948148,13.5296335805018,0.922960666355794,0.582591684847474
"3",374.533435240309,397.726014948148,0.932698374206666,374533.435240309,397726.014948148,14.500875537588,0.862697948447843,0.624413770036009
"4",375.533435240309,397.726014948148,0.999999958730768,375533.435240309,397726.014948148,9.40958860110536,0.813236034537983,0.405180823576762
"5",376.533435240309,397.726014948148,0.999999958730768,376533.435240309,397726.014948148,6.71580772066488,0.775934900992691,0.289185491374461
"6",377.533435240309,397.726014948148,0.999999958730768,377533.435240309,397726.014948148,5.16796125980653,0.746930109809174,0.222534574913852
"7",378.533435240309,397.726014948148,0.906031708640512,378533.435240309,397726.014948148,3.66649101555352,0.723822263583386,0.157880637751183
"8",379.533435240309,397.726014948148,0.597460292803589,379533.435240309,397726.014948148,1.88116573952675,0.704036494759298,0.0810037841119112
"9",380.533435240309,397.726014948148,0.181587294093333,380533.435240309,397726.014948148,0.407780244639968,0.685469574044824,0.0175591880119123
"10",371.533435240309,396.726014948148,0.211428562703077,371533.435240309,396726.014948148,4.99090300748,0.982301601070548,0.214910372460379
"11",372.533435240309,396.726014948148,0.913650755945127,372533.435240309,396726.014948148,21.5778031855519,0.937300462142395,0.929149236627852
"12",373.533435240309,396.726014948148,0.999999958730768,373533.435240309,396726.014948148,18.7451512120875,0.889131150253352,0.807174057035004
"13",374.533435240309,396.726014948148,0.999999958730768,374533.435240309,396726.014948148,13.9069802515525,0.843175212304725,0.59884039044256
"14",375.533435240309,396.726014948148,0.999999958730768,375533.435240309,396726.014948148,10.7298891618857,0.803112839090673,0.462033518339955
"15",376.533435240309,396.726014948148,0.999999958730768,376533.435240309,396726.014948148,8.65846243078137,0.769119219542967,0.372837016296369
"16",377.533435240309,396.726014948148,0.999999958730768,377533.435240309,396726.014948148,7.21046924816478,0.740681581018121,0.310485823790758
"17",378.533435240309,396.726014948148,0.999999958730768,378533.435240309,396726.014948148,6.17939215100707,0.716582726847145,0.266087212426556
"18",379.533435240309,396.726014948148,0.999999958730768,379533.435240309,396726.014948148,5.28587494820284,0.695292370370702,0.227611987689346
"19",380.533435240309,396.726014948148,0.995555514469743,380533.435240309,396726.014948148,4.09773301155733,0.676355691640342,0.176450098596813
"20",381.533435240309,396.726014948148,0.648253941501025,381533.435240309,396726.014948148,1.92803340458765,0.659664509851011,0.0830219253860435
"21",382.533435240309,396.726014948148,0.0907936470466666,382533.435240309,396726.014948148,0.175437148888346,0.643853769183172,0.0075543970609075
"22",370.533435240309,395.726014948148,0.119365074438974,370533.435240309,395726.014948148,2.5364609708825,0.982626253675172,0.109221071049988
"23",371.533435240309,395.726014948148,0.926984088728204,371533.435240309,395726.014948148,20.5342156286635,0.941555569976985,0.884211919631357
"24",372.533435240309,395.726014948148,0.999999958730768,372533.435240309,395726.014948148,18.5882394866949,0.902183039828812,0.800417372463701
"25",373.533435240309,395.726014948148,0.999999958730768,373533.435240309,395726.014948148,14.9948893846092,0.862126395318841,0.645686213059802
"26",374.533435240309,395.726014948148,0.999999958730768,374533.435240309,395726.014948148,12.5071146746524,0.823851655811564,0.538561592783065
"27",375.533435240309,395.726014948148,0.999999958730768,375533.435240309,395726.014948148,10.6151832479202,0.788870396923872,0.457094233674076
"28",376.533435240309,395.726014948148,0.999999958730768,376533.435240309,395726.014948148,9.11623341185496,0.757787349465794,0.392548826342895
"29",377.533435240309,395.726014948148,0.999999958730768,377533.435240309,395726.014948148,7.95053708662639,0.730547582208743,0.342353454672657
"30",378.533435240309,395.726014948148,0.999999958730768,378533.435240309,395726.014948148,7.07545384680614,0.706625723709048,0.30467200409713
"31",379.533435240309,395.726014948148,0.999999958730768,379533.435240309,395726.014948148,6.34447221631467,0.685356890510731,0.273195629133487
"32",380.533435240309,395.726014948148,0.999999958730768,380533.435240309,395726.014948148,5.63068539844282,0.666308130704888,0.242459669998187
"33",381.533435240309,395.726014948148,0.999999958730768,381533.435240309,395726.014948148,4.76394572349337,0.648912009243029,0.205137496818223
"34",382.533435240309,395.726014948148,0.916825358988717,382533.435240309,395726.014948148,3.14840782685046,0.633148165624985,0.135571758800267
"35",383.533435240309,395.726014948148,0.26920633809641,383533.435240309,395726.014948148,0.611991987399399,0.618719593352374,0.0263526311286063
"36",370.533435240309,394.726014948148,0.692698384111281,370533.435240309,394726.014948148,14.6104838382395,0.941547905373197,0.629133549338962
"37",371.533435240309,394.726014948148,0.999999958730768,371533.435240309,394726.014948148,17.7085290239569,0.903711206181206,0.762536671732597
"38",372.533435240309,394.726014948148,0.999999958730768,372533.435240309,394726.014948148,14.8695464406138,0.86908319633032,0.640288893428673
"39",373.533435240309,394.726014948148,0.999999958730768,373533.435240309,394726.014948148,12.9530980707819,0.834941494014969,0.557765824488167
"40",374.533435240309,394.726014948148,0.999999958730768,374533.435240309,394726.014948148,11.4534856258897,0.801964201661988,0.49319188494356
"41",375.533435240309,394.726014948148,0.999999958730768,375533.435240309,394726.014948148,10.1813339965876,0.771075538214063,0.438412503322714
"42",376.533435240309,394.726014948148,0.999999958730768,376533.435240309,394726.014948148,9.06894700621708,0.742792484602251,0.390512653924253
"43",377.533435240309,394.726014948148,0.999999958730768,377533.435240309,394726.014948148,8.12978974081243,0.71722893980915,0.350072148988675
"44",378.533435240309,394.726014948148,0.999999958730768,378533.435240309,394726.014948148,7.37068733482152,0.69420477236173,0.317384881661986
"45",379.533435240309,394.726014948148,0.999999958730768,379533.435240309,394726.014948148,6.74583972086227,0.673407916580502,0.290478681872949
"46",380.533435240309,394.726014948148,0.999999958730768,380533.435240309,394726.014948148,6.2100040220177,0.65452207217919,0.26740537240497
"47",381.533435240309,394.726014948148,0.999999958730768,381533.435240309,394726.014948148,5.64931687407385,0.637255754700833,0.243261949137123
"48",382.533435240309,394.726014948148,0.999999958730768,382533.435240309,394726.014948148,4.95050918394575,0.621411426857569,0.213170997512031
"49",383.533435240309,394.726014948148,0.983492022904102,383533.435240309,394726.014948148,3.62337798786111,0.606844889911338,0.156024172733653
"50",384.533435240309,394.726014948148,0.374603159143589,384533.435240309,394726.014948148,0.894467861148782,0.593391438141433,0.038516160483428
"51",369.533435240309,393.726014948148,0.167619040701538,369533.435240309,393726.014948148,5.20074750211437,0.973123318498618,0.223946364230414
"52",370.533435240309,393.726014948148,0.998095196904615,370533.435240309,393726.014948148,23.2231834617481,0.908470563803248,1
"53",371.533435240309,393.726014948148,0.999999958730768,371533.435240309,393726.014948148,15.9867462428362,0.868573300914835,0.688395984519893
"54",372.533435240309,393.726014948148,0.999999958730768,372533.435240309,393726.014948148,13.3521107271999,0.836788689726224,0.574947476481538
"55",373.533435240309,393.726014948148,0.999999958730768,373533.435240309,393726.014948148,11.893045616909,0.806856898340534,0.512119522136079
"56",374.533435240309,393.726014948148,0.999999958730768,374533.435240309,393726.014948148,10.7211895280066,0.778057963042882,0.46165890846386
"57",375.533435240309,393.726014948148,0.999999958730768,375533.435240309,393726.014948148,9.74981789534565,0.750688983896028,0.4198312393908
"58",376.533435240309,393.726014948148,0.999999958730768,376533.435240309,393726.014948148,8.8778896254407,0.725079454880037,0.382285643140349
"59",377.533435240309,393.726014948148,0.999999958730768,377533.435240309,393726.014948148,8.11472454802496,0.701387848484954,0.349423435481662
"60",378.533435240309,393.726014948148,0.999999958730768,378533.435240309,393726.014948148,7.46184761507771,0.679599900989675,0.321310281485242
"61",379.533435240309,393.726014948148,0.999999958730768,379533.435240309,393726.014948148,6.90990027303231,0.659591100990052,0.297543197917456
"62",380.533435240309,393.726014948148,0.999999958730768,380533.435240309,393726.014948148,6.43649935459747,0.641192016463503,0.277158356226195
"63",381.533435240309,393.726014948148,0.999999958730768,381533.435240309,393726.014948148,6.00270662935078,0.624232134031583,0.258479059911751
"64",382.533435240309,393.726014948148,0.999999958730768,382533.435240309,393726.014948148,5.53646326484401,0.608569051482457,0.23840242548845
"65",383.533435240309,393.726014948148,0.999999958730768,383533.435240309,393726.014948148,4.93912873700577,0.594080397298373,0.212680950703473
"66",384.533435240309,393.726014948148,0.993015832034871,384533.435240309,393726.014948148,3.69014941524082,0.580639856295818,0.158899378344016
"67",385.533435240309,393.726014948148,0.364444429404102,385533.435240309,393726.014948148,0.863272357969232,0.568103096658432,0.0371728690595397
"68",369.533435240309,392.726014948148,0.507301566365641,369533.435240309,392726.014948148,13.6885099440728,0.907267021985,0.589432967561044
"69",370.533435240309,392.726014948148,0.999999958730768,370533.435240309,392726.014948148,20.1725582432063,0.861892703262115,0.868638801240724
"70",371.533435240309,392.726014948148,0.999999958730768,371533.435240309,392726.014948148,14.9457281163671,0.830769321878452,0.643569308272692
"71",372.533435240309,392.726014948148,0.999999958730768,372533.435240309,392726.014948148,12.5299156101133,0.803634501234802,0.539543410607414
"72",373.533435240309,392.726014948148,0.999999958730768,373533.435240309,392726.014948148,11.1732939162051,0.777819159315622,0.481126712649412
"73",374.533435240309,392.726014948148,0.999999958730768,374533.435240309,392726.014948148,10.2120871032628,0.752739244661793,0.439736744967954
"74",375.533435240309,392.726014948148,0.999999958730768,375533.435240309,392726.014948148,9.37426640121319,0.728524812898214,0.403659834865187
"75",376.533435240309,392.726014948148,0.999999958730768,376533.435240309,392726.014948148,8.62100519594526,0.705427936139497,0.371224092086482
"76",377.533435240309,392.726014948148,0.999999958730768,377533.435240309,392726.014948148,7.98910376872102,0.683632820291439,0.344014152145859
"77",378.533435240309,392.726014948148,0.999999958730768,378533.435240309,392726.014948148,7.43564668077656,0.663217846439306,0.32018205828775
"78",379.533435240309,392.726014948148,0.999999958730768,379533.435240309,392726.014948148,6.95307029171526,0.644174862026582,0.299402116990892
"79",380.533435240309,392.726014948148,0.999999958730768,380533.435240309,392726.014948148,6.53157511933342,0.626443747109451,0.281252358449988
"80",381.533435240309,392.726014948148,0.999999958730768,381533.435240309,392726.014948148,6.15469524626151,0.609943073084622,0.265023753371245
"81",382.533435240309,392.726014948148,0.999999958730768,382533.435240309,392726.014948148,5.80095853660243,0.594590049447773,0.249791702595703
"82",383.533435240309,392.726014948148,0.999999958730768,383533.435240309,392726.014948148,5.4292170560902,0.58030616826609,0.23378435885127
"83",384.533435240309,392.726014948148,0.999999958730768,384533.435240309,392726.014948148,4.89661821239308,0.567015797635126,0.210850429720736
"84",385.533435240309,392.726014948148,0.979047578643076,385533.435240309,392726.014948148,3.52635404830571,0.554653874189848,0.15184628128672
"85",386.533435240309,392.726014948148,0.2476190374,386533.435240309,392726.014948148,0.547653388680558,0.5430371945862,0.0235821841386484
"86",369.533435240309,391.726014948148,0.748571397678461,369533.435240309,391726.014948148,13.403282533759,0.834532701856863,0.577150955890096
"87",370.533435240309,391.726014948148,0.999999958730768,370533.435240309,391726.014948148,15.2047365968955,0.81071378340416,0.654722321853069
"88",371.533435240309,391.726014948148,0.999999958730768,371533.435240309,391726.014948148,13.1294690870821,0.790623341116243,0.5653604342707
"89",372.533435240309,391.726014948148,0.999999958730768,372533.435240309,391726.014948148,11.6210348204214,0.769651495362403,0.500406623388342
"90",373.533435240309,391.726014948148,0.999999958730768,373533.435240309,391726.014948148,10.570257415583,0.74816699416495,0.455159708529786
"91",374.533435240309,391.726014948148,0.999999958730768,374533.435240309,391726.014948148,9.74182601406956,0.726572130099545,0.419487105638024
"92",375.533435240309,391.726014948148,0.999999958730768,375533.435240309,391726.014948148,9.01988821878397,0.705231127217358,0.388400162003672
"93",376.533435240309,391.726014948148,0.999999958730768,376533.435240309,391726.014948148,8.41255888163755,0.684457693462879,0.362248306546526
"94",377.533435240309,391.726014948148,0.999999958730768,377533.435240309,391726.014948148,7.86941675674923,0.664484685766339,0.338860379314975
"95",378.533435240309,391.726014948148,0.999999958730768,378533.435240309,391726.014948148,7.38701188752573,0.645457190422229,0.318087823734123
"96",379.533435240309,391.726014948148,0.999999958730768,379533.435240309,391726.014948148,6.96439242774112,0.627445913471142,0.299889652907081
"97",380.533435240309,391.726014948148,0.999999958730768,380533.435240309,391726.014948148,6.59565928415068,0.610469182032189,0.28401184940965
"98",381.533435240309,391.726014948148,0.999999958730768,381533.435240309,391726.014948148,6.2741856435974,0.594514393512491,0.270169059893613
"99",382.533435240309,391.726014948148,0.999999958730768,382533.435240309,391726.014948148,6.00733820911894,0.579554051081218,0.25867849767513
"100",383.533435240309,391.726014948148,0.999999958730768,383533.435240309,391726.014948148,5.74490401470424,0.565555238087272,0.247377971420969
"101",384.533435240309,391.726014948148,0.999999958730768,384533.435240309,391726.014948148,5.39732709539018,0.552484809932476,0.232411163795883
"102",385.533435240309,391.726014948148,0.999999958730768,385533.435240309,391726.014948148,4.77765300373061,0.540314103289401,0.205727738042464
"103",386.533435240309,391.726014948148,0.907301549857948,386533.435240309,391726.014948148,2.9956177092104,0.528929921976164,0.128992552383897
"104",387.533435240309,391.726014948148,0.0869841233943589,387533.435240309,391726.014948148,0.163245139768696,0.518294744085997,0.00702940404521126
"105",369.533435240309,390.726014948148,0.902222184988204,369533.435240309,390726.014948148,9.29889147476117,0.774332225840866,0.400414158983748
"106",370.533435240309,390.726014948148,0.999999958730768,370533.435240309,390726.014948148,11.6132940409878,0.764931868952973,0.500073302186005
"107",371.533435240309,390.726014948148,0.999999958730768,371533.435240309,390726.014948148,11.2836416610703,0.7521153386956,0.485878332729709
"108",372.533435240309,390.726014948148,0.999999958730768,372533.435240309,390726.014948148,10.5926605341384,0.736255397441808,0.456124396191678
"109",373.533435240309,390.726014948148,0.999999958730768,373533.435240309,390726.014948148,9.89659541566418,0.718636895951918,0.426151540849913
"110",374.533435240309,390.726014948148,0.999999958730768,374533.435240309,390726.014948148,9.28694266623534,0.700145298795385,0.399899638287414
"111",375.533435240309,390.726014948148,0.999999958730768,375533.435240309,390726.014948148,8.72932167998716,0.681356553067752,0.375888245225534
"112",376.533435240309,390.726014948148,0.999999958730768,376533.435240309,390726.014948148,8.21805980877873,0.662672516719284,0.353873095061021
"113",377.533435240309,390.726014948148,0.999999958730768,377533.435240309,390726.014948148,7.76003934166978,0.644379016784957,0.33415054204139
"114",378.533435240309,390.726014948148,0.999999958730768,378533.435240309,390726.014948148,7.35402720827156,0.626672175408624,0.316667489639596
"115",379.533435240309,390.726014948148,0.999999958730768,379533.435240309,390726.014948148,6.9982737566331,0.609678062638785,0.301348597110308
"116",380.533435240309,390.726014948148,0.999999958730768,380533.435240309,390726.014948148,6.68920520532703,0.593471371329511,0.288039975929446
"117",381.533435240309,390.726014948148,0.999999958730768,381533.435240309,390726.014948148,6.4192206070086,0.578092241723505,0.276414326122943
"118",382.533435240309,390.726014948148,0.999999958730768,382533.435240309,390726.014948148,6.17881352996377,0.563559619884962,0.266062296762248
"119",383.533435240309,390.726014948148,0.999999958730768,383533.435240309,390726.014948148,5.95271463998875,0.549880598645324,0.256326383925516
"120",384.533435240309,390.726014948148,0.999999958730768,384533.435240309,390726.014948148,5.70632780703452,0.537055972977854,0.245716863772516
"121",385.533435240309,390.726014948148,0.999999958730768,385533.435240309,390726.014948148,5.32756925671606,0.525079182263211,0.22940736206521
"122",386.533435240309,390.726014948148,0.999999958730768,386533.435240309,390726.014948148,4.5104240127718,0.513965692715125,0.194220745842236
"123",387.533435240309,390.726014948148,0.677460289502051,387533.435240309,390726.014948148,1.94765806134728,0.503335006195476,0.0838669713200754
"124",369.533435240309,389.726014948148,0.983492022904102,369533.435240309,389726.014948148,7.22080083972747,0.731455627856624,0.310930706447768
"125",370.533435240309,389.726014948148,0.999999958730768,370533.435240309,389726.014948148,9.44826735596049,0.726259106705201,0.40684634694994
"126",371.533435240309,389.726014948148,0.999999958730768,371533.435240309,389726.014948148,9.80952878146247,0.717076019327804,0.422402415139171
"127",372.533435240309,389.726014948148,0.999999958730768,372533.435240309,389726.014948148,9.60021607584428,0.704595528454416,0.413389322426755
"128",373.533435240309,389.726014948148,0.999999958730768,373533.435240309,389726.014948148,9.21915781006585,0.689941289757283,0.396980794009189
"129",374.533435240309,389.726014948148,0.999999958730768,374533.435240309,389726.014948148,8.80209090254331,0.673990926632806,0.379021718406591
"130",375.533435240309,389.726014948148,0.999999958730768,375533.435240309,389726.014948148,8.40372330895837,0.657359349278818,0.361867843088803
"131",376.533435240309,389.726014948148,0.999999958730768,376533.435240309,389726.014948148,8.0174254469953,0.640482421575463,0.345233695466478
"132",377.533435240309,389.726014948148,0.999999958730768,377533.435240309,389726.014948148,7.65575643397852,0.623675384451564,0.329660076388262
"133",378.533435240309,389.726014948148,0.999999958730768,378533.435240309,389726.014948148,7.3267557122139,0.607166213834556,0.315493167604782
"134",379.533435240309,389.726014948148,0.999999958730768,379533.435240309,389726.014948148,7.03079043084197,0.591117391902839,0.302748778711699
"135",380.533435240309,389.726014948148,0.999999958730768,380533.435240309,389726.014948148,6.76666323215258,0.575642879885581,0.291375350984856
"136",381.533435240309,389.726014948148,0.999999958730768,381533.435240309,389726.014948148,6.53071001157928,0.560822158476197,0.281215106548001
"137",382.533435240309,389.726014948148,0.999999958730768,382533.435240309,389726.014948148,6.31736903125717,0.546711397312336,0.272028554640787
"138",383.533435240309,389.726014948148,0.999999958730768,383533.435240309,389726.014948148,6.11836760508588,0.533351554063833,0.263459469937173
"139",384.533435240309,389.726014948148,0.999999958730768,384533.435240309,389726.014948148,5.91713139171523,0.520773070411994,0.254794154361377
"140",385.533435240309,389.726014948148,0.999999958730768,385533.435240309,389726.014948148,5.66569364009652,0.508995756029607,0.243967139536606
"141",386.533435240309,389.726014948148,0.999999958730768,386533.435240309,389726.014948148,5.18749489145852,0.498013307414758,0.22337570126865
"142",387.533435240309,389.726014948148,0.999999958730768,387533.435240309,389726.014948148,3.97327486390696,0.487932174630464,0.171090878666635
"143",388.533435240309,389.726014948148,0.283809512096923,388533.435240309,389726.014948148,0.663396449223647,0.478131444979699,0.028566128770259
"144",369.533435240309,388.726014948148,0.996825355687179,369533.435240309,388726.014948148,6.00365451135842,0.697757741461563,0.258519876107739
"145",370.533435240309,388.726014948148,0.999999958730768,370533.435240309,388726.014948148,8.12941922169377,0.693307089637258,0.350056194280344
"146",371.533435240309,388.726014948148,0.999999958730768,371533.435240309,388726.014948148,8.73340453675072,0.685599569916621,0.376064054746666
"147",372.533435240309,388.726014948148,0.999999958730768,372533.435240309,388726.014948148,8.75635183498371,0.675096258474612,0.377052175013243
"148",373.533435240309,388.726014948148,0.999999958730768,373533.435240309,388726.014948148,8.58650793801835,0.662504434925547,0.369738625721212
"149",374.533435240309,388.726014948148,0.999999958730768,374533.435240309,388726.014948148,8.33373915627716,0.648490690823261,0.358854296182261
"150",375.533435240309,388.726014948148,0.999999958730768,375533.435240309,388726.014948148,8.06614894935968,0.633588738187798,0.347331749871665
"151",376.533435240309,388.726014948148,0.999999958730768,376533.435240309,388726.014948148,7.79185120651449,0.618208583802857,0.33552037425656
"152",377.533435240309,388.726014948148,0.999999958730768,377533.435240309,388726.014948148,7.52210225977354,0.602663387832747,0.323904871705617
"153",378.533435240309,388.726014948148,0.999999958730768,378533.435240309,388726.014948148,7.26674506408526,0.587192123667162,0.312909083978715
"154",379.533435240309,388.726014948148,0.999999958730768,379533.435240309,388726.014948148,7.03115578503439,0.571976921007719,0.302764511016145
"155",380.533435240309,388.726014948148,0.999999958730768,380533.435240309,388726.014948148,6.81537975272159,0.557156945819048,0.293473104751013
"156",381.533435240309,388.726014948148,0.999999958730768,381533.435240309,388726.014948148,6.61800527863185,0.542839822624048,0.284974077284996
"157",382.533435240309,388.726014948148,0.999999958730768,382533.435240309,388726.014948148,6.43565460118163,0.529110803314453,0.277121980790535
"158",383.533435240309,388.726014948148,0.999999958730768,383533.435240309,388726.014948148,6.26310158298313,0.516039592854387,0.269691775604294
"159",384.533435240309,388.726014948148,0.999999958730768,384533.435240309,388726.014948148,6.09110526825158,0.503684693010587,0.26228554230235
"160",385.533435240309,388.726014948148,0.999999958730768,385533.435240309,388726.014948148,5.89331575203507,0.492095396446949,0.253768642948638
"161",386.533435240309,388.726014948148,0.999999958730768,386533.435240309,388726.014948148,5.59387349356336,0.481315072430526,0.240874533966338
"162",387.533435240309,388.726014948148,0.999999958730768,387533.435240309,388726.014948148,4.90063209145827,0.471362040195944,0.211023269033305
"163",388.533435240309,388.726014948148,0.819047585246153,388533.435240309,388726.014948148,2.64259050851315,0.462021110736015,0.113791053361219
"164",389.533435240309,388.726014948148,0.00571428547846153,389533.435240309,388726.014948148,0.00882877782938756,0.453858620284119,0.000380170868646403
"165",369.533435240309,387.726014948148,0.946031706989743,369533.435240309,387726.014948148,4.89335403010055,0.668984231756391,0.210709872664986
"166",370.533435240309,387.726014948148,0.999999958730768,370533.435240309,387726.014948148,7.23200195141311,0.664297161277111,0.311413031005212
"167",371.533435240309,387.726014948148,0.999999958730768,371533.435240309,387726.014948148,7.9391450571006,0.65709767092437,0.341862909113106
"168",372.533435240309,387.726014948148,0.999999958730768,372533.435240309,387726.014948148,8.07966305004507,0.64769814952461,0.347913672703547
"169",373.533435240309,387.726014948148,0.999999958730768,373533.435240309,387726.014948148,8.0351363295864,0.636470150504322,0.345996333483797
"170",374.533435240309,387.726014948148,0.999999958730768,374533.435240309,387726.014948148,7.90507770843754,0.623859108977072,0.340395954820678
"171",375.533435240309,387.726014948148,0.999999958730768,375533.435240309,387726.014948148,7.73958322555011,0.610280916292554,0.333269693119304
"172",376.533435240309,387.726014948148,0.999999958730768,376533.435240309,387726.014948148,7.56082492835957,0.596087926537847,0.325572286022427
"173",377.533435240309,387.726014948148,0.999999958730768,377533.435240309,387726.014948148,7.37354216603372,0.581568337800322,0.317507811888882
"174",378.533435240309,387.726014948148,0.999999958730768,378533.435240309,387726.014948148,7.18823033039462,0.566955074252231,0.309528206683405
"175",379.533435240309,387.726014948148,0.999999958730768,379533.435240309,387726.014948148,7.01125763632605,0.552436174789463,0.30190768840433
"176",380.533435240309,387.726014948148,0.999999958730768,380533.435240309,387726.014948148,6.84529109802927,0.538164605470014,0.29476109979945
"177",381.533435240309,387.726014948148,0.999999958730768,381533.435240309,387726.014948148,6.68962183016893,0.524266945885913,0.288057915969517
"178",382.533435240309,387.726014948148,0.999999958730768,382533.435240309,387726.014948148,6.54212266101865,0.510850664949397,0.281706540009661
"179",383.533435240309,387.726014948148,0.999999958730768,383533.435240309,387726.014948148,6.39881429504809,0.498009740874793,0.275535621788797
"180",384.533435240309,387.726014948148,0.999999958730768,384533.435240309,387726.014948148,6.25416125902062,0.48582843214275,0.269306801512467
"181",385.533435240309,387.726014948148,0.999999958730768,385533.435240309,387726.014948148,6.09457841887738,0.47438296680656,0.262435097621995
"182",386.533435240309,387.726014948148,0.999999958730768,386533.435240309,387726.014948148,5.87703991278826,0.463738840842018,0.253067798498366
"183",387.533435240309,387.726014948148,0.999999958730768,387533.435240309,387726.014948148,5.43260979546374,0.453935305507252,0.233930451628736
"184",388.533435240309,387.726014948148,0.999999958730768,388533.435240309,387726.014948148,4.24504443899956,0.445108723860036,0.182793390320141
"185",389.533435240309,387.726014948148,0.304761892184615,389533.435240309,387726.014948148,0.740659810418075,0.436285912880764,0.0318931214421161
"186",369.533435240309,386.726014948148,0.839365044725128,369533.435240309,386726.014948148,3.73924243567291,0.64323651862611,0.161013344351861
"187",370.533435240309,386.726014948148,0.999999958730768,370533.435240309,386726.014948148,6.53097141964742,0.637981400980124,0.281226362888828
"188",371.533435240309,386.726014948148,0.999999958730768,371533.435240309,386726.014948148,7.32650882120245,0.630929817168355,0.315482536374492
"189",372.533435240309,386.726014948148,0.999999958730768,372533.435240309,386726.014948148,7.53561858891471,0.622159492849541,0.324486890495738
"190",373.533435240309,386.726014948148,0.999999958730768,373533.435240309,386726.014948148,7.56444866673794,0.611815807734149,0.325728325713727
"191",374.533435240309,386.726014948148,0.999999958730768,374533.435240309,386726.014948148,7.52199157246523,0.600184257826467,0.323900105463793
"192",375.533435240309,386.726014948148,0.999999958730768,375533.435240309,386726.014948148,7.43744853889634,0.587577410674953,0.320259647052561
"193",376.533435240309,386.726014948148,0.999999958730768,376533.435240309,386726.014948148,7.33765359589902,0.574284908890515,0.315962435037607
"194",377.533435240309,386.726014948148,0.999999958730768,377533.435240309,386726.014948148,7.22228487324455,0.560559712457092,0.31099460955216
"195",378.533435240309,386.726014948148,0.999999958730768,378533.435240309,386726.014948148,7.10124641343707,0.546618009137011,0.305782642811819
"196",379.533435240309,386.726014948148,0.999999958730768,379533.435240309,386726.014948148,6.98089682762916,0.532643861340941,0.300600339274229
"197",380.533435240309,386.726014948148,0.999999958730768,380533.435240309,386726.014948148,6.86462736034747,0.518795304523799,0.295593727348125
"198",381.533435240309,386.726014948148,0.999999958730768,381533.435240309,386726.014948148,6.75276939519682,0.505210555521296,0.290777076550232
"199",382.533435240309,386.726014948148,0.999999958730768,382533.435240309,386726.014948148,6.64351287515143,0.492013637568581,0.286072445067414
"200",383.533435240309,386.726014948148,0.999999958730768,383533.435240309,386726.014948148,6.53428298354522,0.479318945778833,0.281368960216333
"201",384.533435240309,386.726014948148,0.999999958730768,384533.435240309,386726.014948148,6.41951621153272,0.467234316204603,0.276427054977478
"202",385.533435240309,386.726014948148,0.999999958730768,385533.435240309,386726.014948148,6.28930328613981,0.455861942824168,0.270820031909026
"203",386.533435240309,386.726014948148,0.999999958730768,386533.435240309,386726.014948148,6.11733139884603,0.44529572084179,0.263414850462777
"204",387.533435240309,386.726014948148,0.999999958730768,387533.435240309,386726.014948148,5.8344297655286,0.43561299547942,0.251232987722753
"205",388.533435240309,386.726014948148,0.999999958730768,388533.435240309,386726.014948148,5.06927870560816,0.42681581599219,0.218285262826174
"206",389.533435240309,386.726014948148,0.725714255764615,389533.435240309,386726.014948148,2.36024867142166,0.418546571081258,0.101633295680987
"207",369.533435240309,385.726014948148,0.679365051328205,369533.435240309,385726.014948148,2.55772542291048,0.61960766889532,0.110136727254617
"208",370.533435240309,385.726014948148,0.999999958730768,370533.435240309,385726.014948148,5.90344921218978,0.613610722883093,0.254204993984291
"209",371.533435240309,385.726014948148,0.999999958730768,371533.435240309,385726.014948148,6.8111225517821,0.606627639602354,0.293289787896693
"210",372.533435240309,385.726014948148,0.999999958730768,372533.435240309,385726.014948148,7.07753071680958,0.598238023204297,0.304761434988759
"211",373.533435240309,385.726014948148,0.999999958730768,373533.435240309,385726.014948148,7.16177586725009,0.588455757976729,0.308389066427802
"212",374.533435240309,385.726014948148,0.999999958730768,374533.435240309,385726.014948148,7.18373516858457,0.577480821583819,0.3093346431344
"213",375.533435240309,385.726014948148,0.999999958730768,375533.435240309,385726.014948148,7.16549394317013,0.565553423015249,0.308549168333132
"214",376.533435240309,385.726014948148,0.999999958730768,376533.435240309,385726.014948148,7.12964378042485,0.552908541156999,0.307005445320121
"215",377.533435240309,385.726014948148,0.999999958730768,377533.435240309,385726.014948148,7.07617837031822,0.539762360582559,0.304703202382812
"216",378.533435240309,385.726014948148,0.999999958730768,378533.435240309,385726.014948148,7.01317421752963,0.526309171589155,0.301990217193147
"217",379.533435240309,385.726014948148,0.999999958730768,379533.435240309,385726.014948148,6.94656016769462,0.512722762292604,0.29912178832573
"218",380.533435240309,385.726014948148,0.999999958730768,380533.435240309,385726.014948148,6.87952239804493,0.499159924392237,0.296235113905743
"219",381.533435240309,385.726014948148,0.999999958730768,381533.435240309,385726.014948148,6.81304425837089,0.485764812112498,0.293372537386743
"220",382.533435240309,385.726014948148,0.999999958730768,382533.435240309,385726.014948148,6.74596960521613,0.47267336467953,0.29048427474759
"221",383.533435240309,385.726014948148,0.999999958730768,383533.435240309,385726.014948148,6.67459694155681,0.46001719431278,0.287410937977164
"222",384.533435240309,385.726014948148,0.999999958730768,384533.435240309,385726.014948148,6.59357780391611,0.447926341611235,0.283922219999539
"223",385.533435240309,385.726014948148,0.999999958730768,385533.435240309,385726.014948148,6.49449998382903,0.436530035839071,0.279655887597253
"224",386.533435240309,385.726014948148,0.999999958730768,386533.435240309,385726.014948148,6.36605677809197,0.425953559748666,0.274125069397904
"225",387.533435240309,385.726014948148,0.999999958730768,387533.435240309,385726.014948148,6.15062222468439,0.416304651183111,0.264848367357358
"226",388.533435240309,385.726014948148,0.999999958730768,388533.435240309,385726.014948148,5.60152533011044,0.407639214346179,0.241204025250756
"227",389.533435240309,385.726014948148,0.991111070208717,389533.435240309,385726.014948148,4.05765433878128,0.400190557929703,0.174724294172021
"228",390.533435240309,385.726014948148,0.101587297394872,390533.435240309,385726.014948148,0.215314115236752,0.393100153512792,0.00927151592250068
"229",369.533435240309,384.726014948148,0.464761885581538,369533.435240309,384726.014948148,1.42341529265574,0.597590207893881,0.0612928582767432
"230",370.533435240309,384.726014948148,0.999999958730768,370533.435240309,384726.014948148,5.25061624607148,0.59082244916194,0.226093733217928
"231",371.533435240309,384.726014948148,0.999999958730768,371533.435240309,384726.014948148,6.32172249247679,0.583946411216789,0.272216016503058
"232",372.533435240309,384.726014948148,0.999999958730768,372533.435240309,384726.014948148,6.67363516150805,0.575760230281954,0.287369523325709
"233",373.533435240309,384.726014948148,0.999999958730768,373533.435240309,384726.014948148,6.81405560044204,0.566297431109522,0.293416086199627
"234",374.533435240309,384.726014948148,0.999999958730768,374533.435240309,384726.014948148,6.8866468926892,0.555729184343634,0.296541897627105
"235",375.533435240309,384.726014948148,0.999999958730768,375533.435240309,384726.014948148,6.92309928851894,0.544243775774777,0.2981115530488
"236",376.533435240309,384.726014948148,0.999999958730768,376533.435240309,384726.014948148,6.93979901118147,0.532029838557256,0.29883065009637
"237",377.533435240309,384.726014948148,0.999999958730768,377533.435240309,384726.014948148,6.939107842403,0.519268647251385,0.298800888079478
"238",378.533435240309,384.726014948148,0.999999958730768,378533.435240309,384726.014948148,6.9282816941686,0.506130780638045,0.298334709605186
"239",379.533435240309,384.726014948148,0.999999958730768,379533.435240309,384726.014948148,6.91226001122533,0.492776043588477,0.297644809231723
"240",380.533435240309,384.726014948148,0.999999958730768,380533.435240309,384726.014948148,6.89399824278203,0.4793555016883,0.296858449839033
"241",381.533435240309,384.726014948148,0.999999958730768,381533.435240309,384726.014948148,6.87484234544785,0.466014730703645,0.296033588882062
"242",382.533435240309,384.726014948148,0.999999958730768,382533.435240309,384726.014948148,6.85259877265457,0.452897602357599,0.295075771327465
"243",383.533435240309,384.726014948148,0.999999958730768,383533.435240309,384726.014948148,6.8238349189713,0.440150038466707,0.293837187748662
"244",384.533435240309,384.726014948148,0.999999958730768,384533.435240309,384726.014948148,6.78267323734797,0.427923127194135,0.292064748509609
"245",385.533435240309,384.726014948148,0.999999958730768,385533.435240309,384726.014948148,6.72009989581946,0.416374736839467,0.28937031423312
"246",386.533435240309,384.726014948148,0.999999958730768,386533.435240309,384726.014948148,6.63373410089351,0.405668229614728,0.285651366954931
"247",387.533435240309,384.726014948148,0.999999958730768,387533.435240309,384726.014948148,6.47257219824574,0.395967024590371,0.278711667972093
"248",388.533435240309,384.726014948148,0.999999958730768,388533.435240309,384726.014948148,6.0969662086893,0.387430304841191,0.262537916850713
"249",389.533435240309,384.726014948148,0.999999958730768,389533.435240309,384726.014948148,4.99317773361655,0.38015254913545,0.215008323119912
"250",390.533435240309,384.726014948148,0.406349189579487,390533.435240309,384726.014948148,1.15936264607461,0.372760553367259,0.0499226407948868
"251",369.533435240309,383.726014948148,0.197460309311282,369533.435240309,383726.014948148,0.464375968163264,0.576684609026398,0.0199962235551451
"252",370.533435240309,383.726014948148,0.999999958730768,370533.435240309,383726.014948148,4.45336677029617,0.569728998403022,0.191763837099745
"253",371.533435240309,383.726014948148,0.999999958730768,371533.435240309,383726.014948148,5.82262768353605,0.562823210251795,0.250724785132355
"254",372.533435240309,383.726014948148,0.999999958730768,372533.435240309,383726.014948148,6.31738344589276,0.554597535282602,0.272029175341028
"255",373.533435240309,383.726014948148,0.999999958730768,373533.435240309,383726.014948148,6.51459987328781,0.545252122889033,0.280521397250221
"256",374.533435240309,383.726014948148,0.999999958730768,374533.435240309,383726.014948148,6.62576255314899,0.53489563996234,0.285308108772536
"257",375.533435240309,383.726014948148,0.999999958730768,375533.435240309,383726.014948148,6.70738806260935,0.523661517145138,0.288822937374515
"258",376.533435240309,383.726014948148,0.999999958730768,376533.435240309,383726.014948148,6.76731937680679,0.511696599651568,0.291403604848298
"259",377.533435240309,383.726014948148,0.999999958730768,377533.435240309,383726.014948148,6.81205831502686,0.499149813874365,0.293330082253679
"260",378.533435240309,383.726014948148,0.999999958730768,378533.435240309,383726.014948148,6.84823589435556,0.486167813997222,0.294887903961814
"261",379.533435240309,383.726014948148,0.999999958730768,379533.435240309,383726.014948148,6.87989226820271,0.472894226828569,0.296251040669547
"262",380.533435240309,383.726014948148,0.999999958730768,380533.435240309,383726.014948148,6.91024223437695,0.459471032631545,0.297557922916085
"263",381.533435240309,383.726014948148,0.999999958730768,381533.435240309,383726.014948148,6.93939330225998,0.446041353822335,0.2988131801004
"264",382.533435240309,383.726014948148,0.999999958730768,382533.435240309,383726.014948148,6.96562405541062,0.432753145042797,0.299942687310032
"265",383.533435240309,383.726014948148,0.999999958730768,383533.435240309,383726.014948148,6.98497439386057,0.419763372847381,0.300775920982832
"266",384.533435240309,383.726014948148,0.999999958730768,384533.435240309,383726.014948148,6.99147753169958,0.407242236457015,0.301055948820089
"267",385.533435240309,383.726014948148,0.999999958730768,385533.435240309,383726.014948148,6.97916918744809,0.395376645104964,0.300525946364923
"268",386.533435240309,383.726014948148,0.999999958730768,386533.435240309,383726.014948148,6.94090473738425,0.38437108491761,0.298878263129467
"269",387.533435240309,383.726014948148,0.999999958730768,387533.435240309,383726.014948148,6.84017943363989,0.374440440773144,0.294540989391339
"270",388.533435240309,383.726014948148,0.999999958730768,388533.435240309,383726.014948148,6.57274971762488,0.365773183874456,0.283025353886177
"271",389.533435240309,383.726014948148,0.999999958730768,389533.435240309,383726.014948148,5.68062513787347,0.358381444423841,0.244610096080507
"272",390.533435240309,383.726014948148,0.667936480371282,390533.435240309,383726.014948148,2.39090968470584,0.351807211686575,0.102953571746268
"273",369.533435240309,382.726014948148,0.00253968243487179,369533.435240309,382726.014948148,0.00413832858969525,0.556634919115178,0.000178198161182839
"274",370.533435240309,382.726014948148,0.873015836987179,370533.435240309,382726.014948148,3.13636068688595,0.550509358759364,0.135053003911026
"275",371.533435240309,382.726014948148,0.999999958730768,371533.435240309,382726.014948148,5.32607711186625,0.543014629382261,0.229343109683436
"276",372.533435240309,382.726014948148,0.999999958730768,372533.435240309,382726.014948148,5.99953115953543,0.534584626451393,0.258342322852399
"277",373.533435240309,382.726014948148,0.999999958730768,373533.435240309,382726.014948148,6.24966533013687,0.525230333327057,0.269113204932948
"278",374.533435240309,382.726014948148,0.999999958730768,374533.435240309,382726.014948148,6.39762397439017,0.514942943399654,0.275484366083055
"279",375.533435240309,382.726014948148,0.999999958730768,375533.435240309,382726.014948148,6.51364701424902,0.503810457871975,0.280480366741188
"280",376.533435240309,382.726014948148,0.999999958730768,376533.435240309,382726.014948148,6.60939121742329,0.491944816340832,0.284603152203913
"281",377.533435240309,382.726014948148,0.999999958730768,377533.435240309,382726.014948148,6.69369235808695,0.4794656566849,0.2882331946054
"282",378.533435240309,382.726014948148,0.999999958730768,378533.435240309,382726.014948148,6.77240460477248,0.466496132672235,0.291622576892939
"283",379.533435240309,382.726014948148,0.999999958730768,379533.435240309,382726.014948148,6.84968126700362,0.453162179051933,0.294950142313004
"284",380.533435240309,382.726014948148,0.999999958730768,380533.435240309,382726.014948148,6.92750146732856,0.439593818140788,0.298301112710888
"285",381.533435240309,382.726014948148,0.999999958730768,381533.435240309,382726.014948148,7.00649896977031,0.425927964242358,0.301702778230685
"286",382.533435240309,382.726014948148,0.999999958730768,382533.435240309,382726.014948148,7.08508160245632,0.412312407532319,0.305086579285155
"287",383.533435240309,382.726014948148,0.999999958730768,383533.435240309,382726.014948148,7.15930626025929,0.398910816161606,0.308282724117117
"288",384.533435240309,382.726014948148,0.999999958730768,384533.435240309,382726.014948148,7.22242712305752,0.385908692983845,0.311000734888646
"289",385.533435240309,382.726014948148,0.999999958730768,385533.435240309,382726.014948148,7.27101931241704,0.373520009762506,0.313093134900882
"290",386.533435240309,382.726014948148,0.999999958730768,386533.435240309,382726.014948148,7.2935987595732,0.361992803311353,0.314065415346125
"291",387.533435240309,382.726014948148,0.999999958730768,387533.435240309,382726.014948148,7.24952273996331,0.351606358471484,0.312167483493566
"292",388.533435240309,382.726014948148,0.999999958730768,388533.435240309,382726.014948148,7.04612932968131,0.342635703583534,0.303409278115865
"293",389.533435240309,382.726014948148,0.999999958730768,389533.435240309,382726.014948148,6.28082239474048,0.335248449035698,0.270454841175668
"294",390.533435240309,382.726014948148,0.874920598813333,390533.435240309,382726.014948148,3.73071981367884,0.329667331893904,0.160646356681626
"295",370.533435240309,381.726014948148,0.503492042713333,370533.435240309,381726.014948148,1.41498305380847,0.532500259131678,0.0609297625426398
"296",371.533435240309,381.726014948148,0.999999958730768,371533.435240309,381726.014948148,4.69742571881015,0.524055390161625,0.202273117574404
"297",372.533435240309,381.726014948148,0.999999958730768,372533.435240309,381726.014948148,5.63971489797181,0.515589112316066,0.242848484027231
"298",373.533435240309,381.726014948148,0.999999958730768,373533.435240309,381726.014948148,5.99372917805382,0.506162956165625,0.258092487101363
"299",374.533435240309,381.726014948148,0.999999958730768,374533.435240309,381726.014948148,6.19169215382243,0.495840087035669,0.266616855695991
"300",375.533435240309,381.726014948148,0.999999958730768,375533.435240309,381726.014948148,6.33596229179881,0.484693976264985,0.272829188221978
"301",376.533435240309,381.726014948148,0.999999958730768,376533.435240309,381726.014948148,6.46188869109115,0.472807105640619,0.2782516316824
"302",377.533435240309,381.726014948148,0.999999958730768,377533.435240309,381726.014948148,6.5809505317799,0.460272272434836,0.283378484376169
"303",378.533435240309,381.726014948148,0.999999958730768,378533.435240309,381726.014948148,6.69898136603647,0.447189505969645,0.288460941501437
"304",379.533435240309,381.726014948148,0.999999958730768,379533.435240309,381726.014948148,6.81901744618226,0.433665625014772,0.293629745353997
"305",380.533435240309,381.726014948148,0.999999958730768,380533.435240309,381726.014948148,6.943400394645,0.419815832514562,0.29898572717568
"306",381.533435240309,381.726014948148,0.999999958730768,381533.435240309,381726.014948148,7.07366473412124,0.405766824194739,0.30459496415608
"307",382.533435240309,381.726014948148,0.999999958730768,382533.435240309,381726.014948148,7.20842286413527,0.391661217776931,0.310397705637927
"308",383.533435240309,381.726014948148,0.999999958730768,383533.435240309,381726.014948148,7.34428376535047,0.377663397327728,0.316247932909265
"309",384.533435240309,381.726014948148,0.999999958730768,384533.435240309,381726.014948148,7.47502292867944,0.363967289349366,0.321877616003502
"310",385.533435240309,381.726014948148,0.999999958730768,385533.435240309,381726.014948148,7.59580381558007,0.35080708214845,0.327078491546666
"311",386.533435240309,381.726014948148,0.999999958730768,386533.435240309,381726.014948148,7.7003168530627,0.338471812980141,0.331578866684932
"312",387.533435240309,381.726014948148,0.999999958730768,387533.435240309,381726.014948148,7.73414284770146,0.32732179083909,0.333035428172054
"313",388.533435240309,381.726014948148,0.999999958730768,388533.435240309,381726.014948148,7.61264631366604,0.317793776690897,0.327803736563729
"314",389.533435240309,381.726014948148,0.999999958730768,389533.435240309,381726.014948148,6.95981663331863,0.310368234713199,0.299692617284035
"315",390.533435240309,381.726014948148,0.995555514469743,390533.435240309,381726.014948148,4.97571919421639,0.305612216998707,0.214256551106015
"316",370.533435240309,380.726014948148,0.100952376786154,370533.435240309,380726.014948148,0.202012958444738,0.514527648284944,0.00869876254379515
"317",371.533435240309,380.726014948148,0.973333293164615,371533.435240309,380726.014948148,3.61897682277772,0.506304794314824,0.155834656723041
"318",372.533435240309,380.726014948148,0.999999958730768,372533.435240309,380726.014948148,5.19144335318818,0.497629222935469,0.223545723683371
"319",373.533435240309,380.726014948148,0.999999958730768,373533.435240309,380726.014948148,5.74939546717122,0.488002339310644,0.247571375244108
"320",374.533435240309,380.726014948148,0.999999958730768,374533.435240309,380726.014948148,5.99358768707135,0.47756580477117,0.258086394440436
"321",375.533435240309,380.726014948148,0.999999958730768,375533.435240309,380726.014948148,6.16677734678887,0.466320435749141,0.265544013676954
"322",376.533435240309,380.726014948148,0.999999958730768,376533.435240309,380726.014948148,6.32011563877985,0.454318544686037,0.272146824710314
"323",377.533435240309,380.726014948148,0.999999958730768,377533.435240309,380726.014948148,6.47029935959181,0.441627883550619,0.27861379858835
"324",378.533435240309,380.726014948148,0.999999958730768,378533.435240309,380726.014948148,6.62341751828142,0.428325314546725,0.285207130589616
"325",379.533435240309,380.726014948148,0.999999958730768,379533.435240309,380726.014948148,6.78377521229692,0.414496810684704,0.292112200012145
"326",380.533435240309,380.726014948148,0.999999958730768,380533.435240309,380726.014948148,6.9541676395864,0.40023960685288,0.299449369249522
"327",381.533435240309,380.726014948148,0.999999958730768,381533.435240309,380726.014948148,7.13609911057303,0.385665760356857,0.3072834145382
"328",382.533435240309,380.726014948148,0.999999958730768,382533.435240309,380726.014948148,7.33025686281524,0.370906950647969,0.315643928615093
"329",383.533435240309,380.726014948148,0.999999958730768,383533.435240309,380726.014948148,7.53393516704368,0.356120667571672,0.32441440164537
"330",384.533435240309,380.726014948148,0.999999958730768,384533.435240309,380726.014948148,7.74271555179882,0.341498704915075,0.333404572398619
"331",385.533435240309,380.726014948148,0.999999958730768,385533.435240309,380726.014948148,7.94891280811833,0.327280464597609,0.342283512560253
"332",386.533435240309,380.726014948148,0.999999958730768,386533.435240309,380726.014948148,8.16441027806153,0.313776103437476,0.351562923813157
"333",387.533435240309,380.726014948148,0.999999958730768,387533.435240309,380726.014948148,8.33543273825084,0.30140695186241,0.358927222530902
"334",388.533435240309,380.726014948148,0.999999958730768,388533.435240309,380726.014948148,8.37149254688475,0.290765765429095,0.360479972983626
"335",389.533435240309,380.726014948148,0.999999958730768,389533.435240309,380726.014948148,7.9213340235375,0.282654230218878,0.341095958553014
"336",390.533435240309,380.726014948148,0.999999958730768,390533.435240309,380726.014948148,6.00652113737387,0.277871141308707,0.2586433142238
"337",371.533435240309,379.726014948148,0.586031721846666,371533.435240309,379726.014948148,1.64799998500994,0.489914307687188,0.0709635691301509
"338",372.533435240309,379.726014948148,0.999999958730768,372533.435240309,379726.014948148,4.55339150726566,0.480419675996614,0.196070944139323
"339",373.533435240309,379.726014948148,0.999999958730768,373533.435240309,379726.014948148,5.42043922466611,0.470698221974821,0.233406381756159
"340",374.533435240309,379.726014948148,0.999999958730768,374533.435240309,379726.014948148,5.78165741009148,0.460110812222364,0.248960588009593
"341",375.533435240309,379.726014948148,0.999999958730768,375533.435240309,379726.014948148,5.99853605648101,0.448706270408114,0.258299473298372
"342",376.533435240309,379.726014948148,0.999999958730768,376533.435240309,379726.014948148,6.17853982009567,0.436520245143415,0.266050510700766
"343",377.533435240309,379.726014948148,0.999999958730768,377533.435240309,379726.014948148,6.35562162977626,0.423596840013796,0.273675727543765
"344",378.533435240309,379.726014948148,0.999999958730768,378533.435240309,379726.014948148,6.54031322779868,0.409988843236319,0.281628625057865
"345",379.533435240309,379.726014948148,0.999999958730768,379533.435240309,379726.014948148,6.73829989755878,0.395759063589994,0.290154013925684
"346",380.533435240309,379.726014948148,0.999999958730768,380533.435240309,379726.014948148,6.95325672149486,0.380983168408337,0.299410144735232
"347",381.533435240309,379.726014948148,0.999999958730768,381533.435240309,379726.014948148,7.18748985529418,0.365753787199362,0.309496321515652
"348",382.533435240309,379.726014948148,0.999999958730768,382533.435240309,379726.014948148,7.44220831950953,0.350185598662083,0.320464605197986
"349",383.533435240309,379.726014948148,0.999999958730768,383533.435240309,379726.014948148,7.7180176694247,0.334421076855163,0.332341071246212
"350",384.533435240309,379.726014948148,0.999999958730768,384533.435240309,379726.014948148,8.01261440475176,0.318637337766485,0.345026529973794
"351",385.533435240309,379.726014948148,0.999999958730768,385533.435240309,379726.014948148,8.3241927463148,0.303056873415571,0.358443223773602
"352",386.533435240309,379.726014948148,0.999999958730768,386533.435240309,379726.014948148,8.6676464827498,0.287969875181083,0.373232485418144
"353",387.533435240309,379.726014948148,0.999999958730768,387533.435240309,379726.014948148,9.034911472425,0.273783768073029,0.389047069593485
"354",388.533435240309,379.726014948148,0.999999958730768,388533.435240309,379726.014948148,9.34313511720632,0.261121394183226,0.402319308745753
"355",389.533435240309,379.726014948148,0.999999958730768,389533.435240309,379726.014948148,9.26273817464283,0.250950415569865,0.398857382748574
"356",390.533435240309,379.726014948148,0.999999958730768,390533.435240309,379726.014948148,7.45618235863112,0.244458756161027,0.321066333171441
"357",371.533435240309,378.726014948148,0.0914285676553845,371533.435240309,378726.014948148,0.175735473458434,0.473602851859256,0.00756724304176021
"358",372.533435240309,378.726014948148,0.943492024554871,372533.435240309,378726.014948148,3.27559045051136,0.46424039656397,0.141048295807795
"359",373.533435240309,378.726014948148,0.999999958730768,373533.435240309,378726.014948148,4.9415917255733,0.454275706414675,0.212787008022083
"360",374.533435240309,378.726014948148,0.999999958730768,374533.435240309,378726.014948148,5.52595878794505,0.443480203364792,0.237950098316498
"361",375.533435240309,378.726014948148,0.999999958730768,375533.435240309,378726.014948148,5.81492200094829,0.431876187080209,0.250392975214888
"362",376.533435240309,378.726014948148,0.999999958730768,376533.435240309,378726.014948148,6.02811801451907,0.419460752143235,0.259573284793113
"363",377.533435240309,378.726014948148,0.999999958730768,377533.435240309,378726.014948148,6.23021064626838,0.406251943341005,0.268275478102751
"364",378.533435240309,378.726014948148,0.999999958730768,378533.435240309,378726.014948148,6.44307411874676,0.392276174972093,0.277441468322352
"365",379.533435240309,378.726014948148,0.999999958730768,379533.435240309,378726.014948148,6.67548425765574,0.377570139747808,0.287449146179773
"366",380.533435240309,378.726014948148,0.999999958730768,380533.435240309,378726.014948148,6.93279630627923,0.36218376749757,0.298529110692275
"367",381.533435240309,378.726014948148,0.999999958730768,381533.435240309,378726.014948148,7.21857324857851,0.346185102412097,0.310834785440529
"368",382.533435240309,378.726014948148,0.999999958730768,382533.435240309,378726.014948148,7.534897543357,0.329666109167928,0.324455841972227
"369",383.533435240309,378.726014948148,0.999999958730768,383533.435240309,378726.014948148,7.88323064576774,0.312747777527204,0.339455211157959
"370",384.533435240309,378.726014948148,0.999999958730768,384533.435240309,378726.014948148,8.26608348974313,0.295582924783996,0.355941014863812
"371",385.533435240309,378.726014948148,0.999999958730768,385533.435240309,378726.014948148,8.68731814102983,0.278356991632224,0.374079555257317
"372",386.533435240309,378.726014948148,0.999999958730768,386533.435240309,378726.014948148,9.15988763829375,0.261292633984295,0.394428595604964
"373",387.533435240309,378.726014948148,0.999999958730768,387533.435240309,378726.014948148,9.75379952405453,0.244673313257212,0.420002689989528
"374",388.533435240309,378.726014948148,0.999999958730768,388533.435240309,378726.014948148,10.4807108565691,0.22890912720691,0.45130379621865
"375",389.533435240309,378.726014948148,0.999999958730768,389533.435240309,378726.014948148,11.1350960566997,0.214669339886672,0.479481896831277
"376",390.533435240309,378.726014948148,0.999999958730768,390533.435240309,378726.014948148,10.288949009232,0.203136547819982,0.443046450809786
"377",372.533435240309,377.726014948148,0.41777776053641,372533.435240309,377726.014948148,1.03675901933663,0.449152471986715,0.0446432773114123
"378",373.533435240309,377.726014948148,0.999999958730768,373533.435240309,377726.014948148,4.06711654446459,0.438616281627279,0.17513174070918
"379",374.533435240309,377.726014948148,0.999999958730768,374533.435240309,377726.014948148,5.13419282931706,0.427681565043112,0.221080492163092
"380",375.533435240309,377.726014948148,0.999999958730768,375533.435240309,377726.014948148,5.58483807552508,0.415858665701961,0.240485465083807
"381",376.533435240309,377.726014948148,0.999999958730768,376533.435240309,377726.014948148,5.8538675797714,0.403195871348763,0.252069988139806
"382",377.533435240309,377.726014948148,0.999999958730768,377533.435240309,377726.014948148,6.08517655087338,0.389675363130952,0.262030249250561
"383",378.533435240309,377.726014948148,0.999999958730768,378533.435240309,377726.014948148,6.32386708316813,0.37529572422001,0.272308363475853
"384",379.533435240309,377.726014948148,0.999999958730768,379533.435240309,377726.014948148,6.58708719328015,0.360064393762482,0.283642731588889
"385",380.533435240309,377.726014948148,0.999999958730768,380533.435240309,377726.014948148,6.88380075929148,0.344000521408041,0.296419341931741
"386",381.533435240309,377.726014948148,0.999999958730768,381533.435240309,377726.014948148,7.22058311818239,0.327141499820318,0.310921331266909
"387",382.533435240309,377.726014948148,0.999999958730768,382533.435240309,377726.014948148,7.59847672030616,0.309551180889274,0.327193587942924
"388",383.533435240309,377.726014948148,0.999999958730768,383533.435240309,377726.014948148,8.01820790908058,0.291326213862301,0.345267388611372
"389",384.533435240309,377.726014948148,0.999999958730768,384533.435240309,377726.014948148,8.48369230024248,0.272595085104995,0.365311341324772
"390",385.533435240309,377.726014948148,0.999999958730768,385533.435240309,377726.014948148,9.00408456408348,0.253503680545271,0.387719650017599
"391",386.533435240309,377.726014948148,0.999999958730768,386533.435240309,377726.014948148,9.60647982926912,0.234185133210877,0.413659042270942
"392",387.533435240309,377.726014948148,0.999999958730768,387533.435240309,377726.014948148,10.365172149356,0.214719395591852,0.446328651126963
"393",388.533435240309,377.726014948148,0.999999958730768,388533.435240309,377726.014948148,11.53087806605,0.195066805076054,0.496524435809715
"394",389.533435240309,377.726014948148,0.999999958730768,389533.435240309,377726.014948148,13.5106686213237,0.174732749193423,0.581775045767419
"395",390.533435240309,377.726014948148,0.999999958730768,390533.435240309,377726.014948148,16.5685896585148,0.151101686042045,0.713450405531421
"396",372.533435240309,376.726014948148,0.00507936486974359,372533.435240309,376726.014948148,0.00730605502270194,0.434247940511223,0.000314601787250057
"397",373.533435240309,376.726014948148,0.715555526025128,373533.435240309,376726.014948148,2.05042134346785,0.423992287229068,0.0882920012600849
"398",374.533435240309,376.726014948148,0.999999958730768,374533.435240309,376726.014948148,4.42066535081519,0.412671409591482,0.190355700289611
"399",375.533435240309,376.726014948148,0.999999958730768,375533.435240309,376726.014948148,5.2235768183109,0.400689897918327,0.224929404141119
"400",376.533435240309,376.726014948148,0.999999958730768,376533.435240309,376726.014948148,5.62556859483931,0.387788664106972,0.242239338293366
"401",377.533435240309,376.726014948148,0.999999958730768,377533.435240309,376726.014948148,5.90546233883195,0.373958065629453,0.254291680060104
"402",378.533435240309,376.726014948148,0.999999958730768,378533.435240309,376726.014948148,6.17495413625436,0.359168139342126,0.26589610965376
"403",379.533435240309,376.726014948148,0.999999958730768,379533.435240309,376726.014948148,6.49173676901577,0.343393791806062,0.279536902410842
"404",380.533435240309,376.726014948148,0.999999958730768,380533.435240309,376726.014948148,6.84457455162614,0.326616599751225,0.294730245011418
"405",381.533435240309,376.726014948148,0.999999958730768,381533.435240309,376726.014948148,7.24055603804448,0.308834608664578,0.311781373555899
"406",382.533435240309,376.726014948148,0.999999958730768,382533.435240309,376726.014948148,7.68121708015807,0.290076373088078,0.330756422469388
"407",383.533435240309,376.726014948148,0.999999958730768,383533.435240309,376726.014948148,8.16258009303988,0.270414038317751,0.351484115280095
"408",384.533435240309,376.726014948148,0.999999958730768,384533.435240309,376726.014948148,8.67742455777603,0.249965574750183,0.373653533421418
"409",385.533435240309,376.726014948148,0.999999958730768,385533.435240309,376726.014948148,9.25932719973564,0.228868176786286,0.398710504741396
"410",386.533435240309,376.726014948148,0.999999958730768,386533.435240309,376726.014948148,9.93711368674688,0.207203413811937,0.427896274561785
"411",387.533435240309,376.726014948148,0.999999958730768,387533.435240309,376726.014948148,10.8171897758404,0.184869372874013,0.465792719316791
"412",388.533435240309,376.726014948148,0.999999958730768,388533.435240309,376726.014948148,12.2240759756477,0.16139055363901,0.526373827937178
"413",389.533435240309,376.726014948148,0.999999958730768,389533.435240309,376726.014948148,15.1090266127091,0.135268733265675,0.650601009874285
"414",390.533435240309,376.726014948148,0.88825393159641,390533.435240309,376726.014948148,20.1525621975991,0.0977293580880759,0.867777763147468
"415",373.533435240309,375.726014948148,0.0742857112199999,373533.435240309,375726.014948148,0.133235402213661,0.410002970746008,0.00573717218542057
"416",374.533435240309,375.726014948148,0.862222186638974,374533.435240309,375726.014948148,2.69462623305941,0.398633558562513,0.116031733439898
"417",375.533435240309,375.726014948148,0.999999958730768,375533.435240309,375726.014948148,4.58176276347113,0.386409739567684,0.197292622306409
"418",376.533435240309,375.726014948148,0.999999958730768,376533.435240309,375726.014948148,5.26010178128365,0.373306010707578,0.226502184334365
"419",377.533435240309,375.726014948148,0.999999958730768,377533.435240309,375726.014948148,5.68428765676624,0.359195787776112,0.244767805676989
"420",378.533435240309,375.726014948148,0.999999958730768,378533.435240309,375726.014948148,6.05583693322834,0.344023272328349,0.260766873034576
"421",379.533435240309,375.726014948148,0.999999958730768,379533.435240309,375726.014948148,6.42947976407681,0.327727254236031,0.276856089720303
"422",380.533435240309,375.726014948148,0.999999958730768,380533.435240309,375726.014948148,6.83545380410077,0.310241689392722,0.294337501805458
"423",381.533435240309,375.726014948148,0.999999958730768,381533.435240309,375726.014948148,7.28802555437743,0.291510810986864,0.313825430797713
"424",382.533435240309,375.726014948148,0.999999958730768,382533.435240309,375726.014948148,7.79110119218734,0.271513505182457,0.335488078325712
"425",383.533435240309,375.726014948148,0.999999958730768,383533.435240309,375726.014948148,8.33506557924842,0.250292179284654,0.358911412510582
"426",384.533435240309,375.726014948148,0.999999958730768,384533.435240309,375726.014948148,8.93212328229222,0.227977029471373,0.384620967104044
"427",385.533435240309,375.726014948148,0.999999958730768,385533.435240309,375726.014948148,9.55276239326217,0.204769871911986,0.41134594699288
"428",386.533435240309,375.726014948148,0.999999958730768,386533.435240309,375726.014948148,10.1992240590923,0.180825237072282,0.439182856902108
"429",387.533435240309,375.726014948148,0.999999958730768,387533.435240309,375726.014948148,11.0635627801898,0.155998600654439,0.476401644004278
"430",388.533435240309,375.726014948148,0.999999958730768,388533.435240309,375726.014948148,12.6683998549946,0.129446859500839,0.545506600155024
"431",389.533435240309,375.726014948148,0.999999958730768,389533.435240309,375726.014948148,16.2752960518929,0.0990855498517091,0.700821060071311
"432",390.533435240309,375.726014948148,0.633015846891794,390533.435240309,375726.014948148,13.4484486424733,0.0603739446822184,0.579095827435752
"433",374.533435240309,374.726014948148,0.141587295744102,374533.435240309,374726.014948148,0.27761788452079,0.385401344446046,0.0119543423053116
"434",375.533435240309,374.726014948148,0.900952343770768,375533.435240309,374726.014948148,2.90394016587716,0.373058153400609,0.125044878996041
"435",376.533435240309,374.726014948148,0.999999958730768,376533.435240309,374726.014948148,4.62710752141767,0.359805440654678,0.19924518656278
"436",377.533435240309,374.726014948148,0.999999958730768,377533.435240309,374726.014948148,5.36756288633734,0.345476820612945,0.231129504496163
"437",378.533435240309,374.726014948148,0.999999958730768,378533.435240309,374726.014948148,5.88280058821659,0.329990816924753,0.253315855593459
"438",379.533435240309,374.726014948148,0.999999958730768,379533.435240309,374726.014948148,6.32638081754053,0.313246192125473,0.27241660593006
"439",380.533435240309,374.726014948148,0.999999958730768,380533.435240309,374726.014948148,6.79237340772071,0.295114035021245,0.292482441905896
"440",381.533435240309,374.726014948148,0.999999958730768,381533.435240309,374726.014948148,7.31722582822318,0.275461304520183,0.315082806811378
"441",382.533435240309,374.726014948148,0.999999958730768,382533.435240309,374726.014948148,7.91596517952804,0.254187886080267,0.340864773882821
"442",383.533435240309,374.726014948148,0.999999958730768,383533.435240309,374726.014948148,8.58107328032873,0.231276963106454,0.369504607086404
"443",384.533435240309,374.726014948148,0.999999958730768,384533.435240309,374726.014948148,9.27764734713965,0.20687475857097,0.399499377956568
"444",385.533435240309,374.726014948148,0.999999958730768,385533.435240309,374726.014948148,9.94269823513933,0.181358871248845,0.428136747552994
"445",386.533435240309,374.726014948148,0.999999958730768,386533.435240309,374726.014948148,10.5716659465198,0.155203597070787,0.455220360461469
"446",387.533435240309,374.726014948148,0.999999958730768,387533.435240309,374726.014948148,11.3215079305417,0.128526904311635,0.487508870142193
"447",388.533435240309,374.726014948148,0.999999958730768,388533.435240309,374726.014948148,12.942252262431,0.100476103481347,0.557298799441028
"448",389.533435240309,374.726014948148,0.999999958730768,389533.435240309,374726.014948148,17.9207108084999,0.0670755181510257,0.771673308184376
"449",390.533435240309,374.726014948148,0.26920633809641,390533.435240309,374726.014948148,6.20825922186556,0.0197896996347161,0.267330240580127
"450",375.533435240309,373.726014948148,0.146666660613846,375533.435240309,373726.014948148,0.289615498748738,0.360566351266183,0.0124709645956066
"451",376.533435240309,373.726014948148,0.868571392726153,376533.435240309,373726.014948148,2.77169624526612,0.347257896894185,0.119350400423417
"452",377.533435240309,373.726014948148,0.999999958730768,377533.435240309,373726.014948148,4.58920688257343,0.332885687286326,0.197613169190714
"453",378.533435240309,373.726014948148,0.999999958730768,378533.435240309,373726.014948148,5.45280546712761,0.317172479285558,0.234800085703545
"454",379.533435240309,373.726014948148,0.999999958730768,379533.435240309,373726.014948148,6.06780172044941,0.300131636733133,0.261282081780215
"455",380.533435240309,373.726014948148,0.999999958730768,380533.435240309,373726.014948148,6.62765245959951,0.281495368815729,0.285389488935321
"456",381.533435240309,373.726014948148,0.999999958730768,381533.435240309,373726.014948148,7.24336800614937,0.261032567855654,0.311902458079454
"457",382.533435240309,373.726014948148,0.999999958730768,382533.435240309,373726.014948148,7.96174153809645,0.238515075984582,0.342835923042617
"458",383.533435240309,373.726014948148,0.999999958730768,383533.435240309,373726.014948148,8.80729916769427,0.21378577073424,0.379245988483927
"459",384.533435240309,373.726014948148,0.999999958730768,384533.435240309,373726.014948148,9.75963540723545,0.186902455912689,0.420253985561925
"460",385.533435240309,373.726014948148,0.999999958730768,385533.435240309,373726.014948148,10.6853657764747,0.158512089764535,0.460116322728751
"461",386.533435240309,373.726014948148,0.999999958730768,386533.435240309,373726.014948148,11.3685094677313,0.129902964080259,0.48953277600622
"462",387.533435240309,373.726014948148,0.999999958730768,387533.435240309,373726.014948148,12.1273499612274,0.101814404676045,0.522208765271259
"463",388.533435240309,373.726014948148,0.999999958730768,388533.435240309,373726.014948148,13.8876072223825,0.0736600397535451,0.598006179697859
"464",389.533435240309,373.726014948148,0.767619015939999,389533.435240309,373726.014948148,12.2650344917356,0.0439346162118323,0.52813751878324
"465",390.533435240309,373.726014948148,0.00190476182615384,390533.435240309,373726.014948148,0.0240581613594268,0.0108166351061437,0.00103595449775669
"466",376.533435240309,372.726014948148,0.0761904730461538,376533.435240309,372726.014948148,0.140417373576369,0.335646804039358,0.00604643087833569
"467",377.533435240309,372.726014948148,0.71492060541641,377533.435240309,372726.014948148,2.12439796479,0.321187774526636,0.0914774655373661
"468",378.533435240309,372.726014948148,0.999999958730768,378533.435240309,372726.014948148,4.28447101484338,0.305708701655589,0.184491115178094
"469",379.533435240309,372.726014948148,0.999999958730768,379533.435240309,372726.014948148,5.37061238132322,0.288511398913231,0.231260817026631
"470",380.533435240309,372.726014948148,0.999999958730768,380533.435240309,372726.014948148,6.16282720980848,0.269640528229927,0.265373919125236
"471",381.533435240309,372.726014948148,0.999999958730768,381533.435240309,372726.014948148,6.95897983112603,0.24860596583261,0.299656584231376
"472",382.533435240309,372.726014948148,0.999999958730768,382533.435240309,372726.014948148,7.83422261601048,0.225027265929447,0.337344904884145
"473",383.533435240309,372.726014948148,0.999999958730768,383533.435240309,372726.014948148,8.94385016179562,0.198489825158704,0.385125931443783
"474",384.533435240309,372.726014948148,0.999999958730768,384533.435240309,372726.014948148,10.4757677712116,0.168519306677444,0.451090944894213
"475",385.533435240309,372.726014948148,0.999999958730768,385533.435240309,372726.014948148,12.3081704394101,0.135722979212615,0.529994970744789
"476",386.533435240309,372.726014948148,0.999999958730768,386533.435240309,372726.014948148,13.3886317759907,0.103572894659859,0.576520088128471
"477",387.533435240309,372.726014948148,0.999999958730768,387533.435240309,372726.014948148,14.2110502259107,0.0743360692936116,0.611933770807879
"478",388.533435240309,372.726014948148,0.933333294815384,388533.435240309,372726.014948148,15.4051501813229,0.0451031293973465,0.663352214682255
"479",389.533435240309,372.726014948148,0.146031740005128,389533.435240309,372726.014948148,2.3921507743359,0.0135063711012058,0.103007013585201
"480",377.533435240309,371.726014948148,0.00380952365230769,377533.435240309,371726.014948148,0.00555425109328556,0.31090425392999,0.000239168376826295
"481",378.533435240309,371.726014948148,0.373333317926154,378533.435240309,371726.014948148,0.953101353631129,0.294995649869499,0.0410409432109522
"482",379.533435240309,371.726014948148,0.891428534639999,379533.435240309,371726.014948148,3.20901614205409,0.278374980690141,0.138181578220737
"483",380.533435240309,371.726014948148,0.999999958730768,380533.435240309,371726.014948148,4.85938456435071,0.259795034283832,0.20924713325177
"484",381.533435240309,371.726014948148,0.999999958730768,381533.435240309,371726.014948148,5.96838353058374,0.238416963714315,0.2570010929128
"485",382.533435240309,371.726014948148,0.999999958730768,382533.435240309,371726.014948148,7.03325910529485,0.214260536445065,0.302855080866911
"486",383.533435240309,371.726014948148,0.999999958730768,383533.435240309,371726.014948148,8.44261305384545,0.186479079448748,0.363542451781067
"487",384.533435240309,371.726014948148,0.999999958730768,384533.435240309,371726.014948148,10.967202116767,0.153078765725431,0.472252313505231
"488",385.533435240309,371.726014948148,0.999999958730768,385533.435240309,371726.014948148,15.8293173855792,0.112133525534348,0.681617032034057
"489",386.533435240309,371.726014948148,0.999999958730768,386533.435240309,371726.014948148,19.2688139794618,0.0719773584375024,0.829723194978855
"490",387.533435240309,371.726014948148,0.883174566726666,387533.435240309,371726.014948148,14.7657561698299,0.0454397004292,0.635819640926971
"491",388.533435240309,371.726014948148,0.196825388702564,388533.435240309,371726.014948148,3.34999175662807,0.0140378832266095,0.144252047190084
"492",379.533435240309,370.726014948148,0.0253968243487179,379533.435240309,370726.014948148,0.0450807664053545,0.269783669662865,0.00194119667011238
"493",380.533435240309,370.726014948148,0.348571414186154,380533.435240309,370726.014948148,0.953523274745538,0.250608642936251,0.0410591113107351
"494",381.533435240309,370.726014948148,0.676190448284615,381533.435240309,370726.014948148,2.51602509817014,0.229934403025673,0.108341093817495
"495",382.533435240309,370.726014948148,0.890158693422563,382533.435240309,370726.014948148,4.27405856819505,0.206666772757525,0.184042750867254
"496",383.533435240309,370.726014948148,0.989841228991281,383533.435240309,370726.014948148,6.17766859140298,0.179027374761517,0.266012995228603
"497",384.533435240309,370.726014948148,0.962539642816409,384533.435240309,370726.014948148,8.80023916386752,0.14319415797512,0.378941981764161
"498",385.533435240309,370.726014948148,0.794285681506153,385533.435240309,370726.014948148,13.6166464704074,0.0903029133713369,0.586338496306328
"499",386.533435240309,370.726014948148,0.463492044364102,386533.435240309,370726.014948148,12.788415096661,0.0250757329671424,0.550674506693939
"500",387.533435240309,370.726014948148,0.04952380748,387533.435240309,370726.014948148,0.717821473296779,0.0125484556588985,0.0309096930866146
